{
  "posts": [
    {
      "id": 1,
      "title": "json-server",
      "author": "typicode"
    }
  ],
  "comments": [
    {
      "id": 1,
      "body": "some comment",
      "postId": 1
    }
  ],
  "profile": {
    "name": "typicode"
  },
  "vendor": [
    {
      "vendorId": 1,
      "name": "Whirlpool",
      "address": "100 MG Road Bangalore",
      "serviceType": "Electrical & Electronics",
      "vendorType": "Services"
    },
    {
      "vendorId": 1,
      "name": "Samsung",
      "address": "100 MG Road Bangalore",
      "serviceType": "Electrical & Electronics",
      "vendorType": "Services"
    },
    {
      "vendorId": 1,
      "name": "Viveks",
      "address": "100 MG Road Bangalore",
      "serviceType": "Electrical & Electronics",
      "vendorType": "Dealer"
    },
    {
      "vendorId": 1,
      "name": "LG",
      "address": "100 MG Road Bangalore",
      "serviceType": "Electrical & Electronics",
      "vendorType": "Services"
    },
    {
      "vendorId": 1,
      "name": "Whirlpool",
      "address": "100 MG Road Bangalore",
      "serviceType": "Electrical & Electronics",
      "vendorType": "Services"
    },
    {
      "vendorId": 1,
      "name": "Samsung",
      "address": "100 MG Road Bangalore",
      "serviceType": "Electrical & Electronics",
      "vendorType": "Services"
    },
    {
      "vendorId": 1,
      "name": "Viveks",
      "address": "100 MG Road Bangalore",
      "serviceType": "Electrical & Electronics",
      "vendorType": "Dealer"
    },
    {
      "vendorId": 1,
      "name": "LG",
      "address": "100 MG Road Bangalore",
      "serviceType": "Electrical & Electronics",
      "vendorType": "Services"
    }
  ],
  "order": [
    {
      "orderId": 1,
      "consumerName": "Ascendas",
      "address": 1,
      "complaint": "Electrical Issues",
      "assignedTo": "GE",
      "orderStatus": "In Progress"
    },
    {
      "orderId": 2,
      "consumerName": "Ascendas",
      "address": 1,
      "complaint": "Electrical Issues",
      "assignedTo": "GE",
      "orderStatus": "In Progress"
    },
    {
      "orderId": 3,
      "consumerName": "Ascendas",
      "address": 1,
      "complaint": "Electrical Issues",
      "assignedTo": "GE",
      "orderStatus": "In Progress"
    },
    {
      "orderId": 1,
      "consumerName": "Ascendas",
      "address": 1,
      "complaint": "Electrical Issues",
      "assignedTo": "GE",
      "orderStatus": "In Progress"
    },
    {
      "orderId": 2,
      "consumerName": "Ascendas",
      "address": 1,
      "complaint": "Electrical Issues",
      "assignedTo": "GE",
      "orderStatus": "In Progress"
    },
    {
      "orderId": 3,
      "consumerName": "Ascendas",
      "address": 1,
      "complaint": "Electrical Issues",
      "assignedTo": "GE",
      "orderStatus": "In Progress"
    },
    {
      "orderId": 1,
      "consumerName": "Ascendas",
      "address": 1,
      "complaint": "Electrical Issues",
      "assignedTo": "GE",
      "orderStatus": "In Progress"
    },
    {
      "orderId": 2,
      "consumerName": "Ascendas",
      "address": 1,
      "complaint": "Electrical Issues",
      "assignedTo": "GE",
      "orderStatus": "In Progress"
    },
    {
      "orderId": 3,
      "consumerName": "Ascendas",
      "address": 1,
      "complaint": "Electrical Issues",
      "assignedTo": "GE",
      "orderStatus": "In Progress"
    },
    {
      "orderId": 1,
      "consumerName": "Ascendas",
      "address": 1,
      "complaint": "Electrical Issues",
      "assignedTo": "GE",
      "orderStatus": "In Progress"
    },
    {
      "orderId": 2,
      "consumerName": "Ascendas",
      "address": 1,
      "complaint": "Electrical Issues",
      "assignedTo": "GE",
      "orderStatus": "In Progress"
    },
    {
      "orderId": 3,
      "consumerName": "Ascendas",
      "address": 1,
      "complaint": "Electrical Issues",
      "assignedTo": "GE",
      "orderStatus": "In Progress"
    }
  ]
}